﻿<?xml version="1.0" encoding="utf-8"?>
<CustomersOrders>
  <Customer CustomerID="ALFKI" CompanyName="Alfreds Futterkiste">
    <Order OrderID="10643" Freight="29.4600" />
    <Order OrderID="10692" Freight="61.0200" />
    <Order OrderID="10702" Freight="23.9400" />
    <Order OrderID="10835" Freight="69.5300" />
    <Order OrderID="10952" Freight="40.4200" />
    <Order OrderID="11011" Freight="1.2100" />
  </Customer>
  <Customer CustomerID="ANATR" CompanyName="Ana Trujillo">
    <Order OrderID="10308" Freight="1.6100" />
    <Order OrderID="10625" Freight="43.9000" />
    <Order OrderID="10759" Freight="11.9900" />
    <Order OrderID="10926" Freight="39.9200" />
  </Customer>
  <Customer CustomerID="ANTON" CompanyName="Antonio Moreno">
    <Order OrderID="10365" Freight="22.0000" />
    <Order OrderID="10507" Freight="47.4500" />
    <Order OrderID="10535" Freight="15.6400" />
    <Order OrderID="10573" Freight="84.8400" />
    <Order OrderID="10677" Freight="4.0300" />
    <Order OrderID="10682" Freight="36.1300" />
    <Order OrderID="10856" Freight="58.4300" />
  </Customer>
  <Customer CustomerID="AROUT" CompanyName="Around the Horn">
    <Order OrderID="10355" Freight="41.9500" />
    <Order OrderID="10383" Freight="34.2400" />
    <Order OrderID="10453" Freight="25.3600" />
    <Order OrderID="10558" Freight="72.9700" />
    <Order OrderID="10707" Freight="21.7400" />
    <Order OrderID="10741" Freight="10.9600" />
    <Order OrderID="10743" Freight="23.7200" />
    <Order OrderID="10768" Freight="146.3200" />
    <Order OrderID="10793" Freight="4.5200" />
    <Order OrderID="10864" Freight="3.0400" />
    <Order OrderID="10920" Freight="29.6100" />
    <Order OrderID="10953" Freight="23.7200" />
    <Order OrderID="11016" Freight="33.8000" />
  </Customer>
</CustomersOrders>